/*
 Navicat Premium Data Transfer

 Source Server         : 172.81.214.17
 Source Server Type    : MySQL
 Source Server Version : 50565
 Source Host           : 172.81.214.17:3306
 Source Schema         : mango

 Target Server Type    : MySQL
 Target Server Version : 50565
 File Encoding         : 65001

 Date: 01/09/2021 22:43:14
*/

SET NAMES utf8mb4;
SET FOREIGN_KEY_CHECKS = 0;

-- ----------------------------
-- Table structure for sys_config
-- ----------------------------
DROP TABLE IF EXISTS `sys_config`;
CREATE TABLE `sys_config`  (
  `id` bigint(20) NOT NULL AUTO_INCREMENT COMMENT '编号',
  `value` varchar(100) CHARACTER SET utf8 COLLATE utf8_general_ci NOT NULL COMMENT '数据值',
  `label` varchar(100) CHARACTER SET utf8 COLLATE utf8_general_ci NOT NULL COMMENT '标签名',
  `type` varchar(100) CHARACTER SET utf8 COLLATE utf8_general_ci NOT NULL COMMENT '类型',
  `description` varchar(100) CHARACTER SET utf8 COLLATE utf8_general_ci NOT NULL COMMENT '描述',
  `sort` decimal(10, 0) NOT NULL COMMENT '排序（升序）',
  `create_by` varchar(50) CHARACTER SET utf8 COLLATE utf8_general_ci NULL DEFAULT NULL COMMENT '创建人',
  `create_time` datetime NULL DEFAULT NULL COMMENT '创建时间',
  `last_update_by` varchar(50) CHARACTER SET utf8 COLLATE utf8_general_ci NULL DEFAULT NULL COMMENT '更新人',
  `last_update_time` datetime NULL DEFAULT NULL COMMENT '更新时间',
  `remarks` varchar(255) CHARACTER SET utf8 COLLATE utf8_general_ci NULL DEFAULT NULL COMMENT '备注信息',
  `del_flag` tinyint(4) NULL DEFAULT 0 COMMENT '是否删除  -1：已删除  0：正常',
  PRIMARY KEY (`id`) USING BTREE
) ENGINE = InnoDB AUTO_INCREMENT = 2 CHARACTER SET = utf8 COLLATE = utf8_general_ci COMMENT = '系统配置表' ROW_FORMAT = Compact;

-- ----------------------------
-- Records of sys_config
-- ----------------------------
INSERT INTO `sys_config` VALUES (1, '#88CCCC', 'theme', 'color', '主题色', 0, 'admin', '2018-09-23 19:52:54', NULL, NULL, '主题色', 0);

-- ----------------------------
-- Table structure for sys_dept
-- ----------------------------
DROP TABLE IF EXISTS `sys_dept`;
CREATE TABLE `sys_dept`  (
  `id` bigint(20) NOT NULL AUTO_INCREMENT COMMENT '编号',
  `name` varchar(50) CHARACTER SET utf8 COLLATE utf8_general_ci NULL DEFAULT NULL COMMENT '机构名称',
  `parent_id` bigint(20) NULL DEFAULT NULL COMMENT '上级机构ID，一级机构为0',
  `order_num` int(11) NULL DEFAULT NULL COMMENT '排序',
  `create_by` varchar(50) CHARACTER SET utf8 COLLATE utf8_general_ci NULL DEFAULT NULL COMMENT '创建人',
  `create_time` datetime NULL DEFAULT NULL COMMENT '创建时间',
  `last_update_by` varchar(50) CHARACTER SET utf8 COLLATE utf8_general_ci NULL DEFAULT NULL COMMENT '更新人',
  `last_update_time` datetime NULL DEFAULT NULL COMMENT '更新时间',
  `del_flag` tinyint(4) NULL DEFAULT 0 COMMENT '是否删除  -1：已删除  0：正常',
  PRIMARY KEY (`id`) USING BTREE
) ENGINE = InnoDB AUTO_INCREMENT = 15 CHARACTER SET = utf8 COLLATE = utf8_general_ci COMMENT = '机构管理' ROW_FORMAT = Compact;

-- ----------------------------
-- Records of sys_dept
-- ----------------------------
INSERT INTO `sys_dept` VALUES (1, '轻尘集团', NULL, 0, 'admin', '2018-09-23 19:35:22', NULL, NULL, 0);
INSERT INTO `sys_dept` VALUES (2, '牧尘集团', NULL, 1, 'admin', '2018-09-23 19:35:55', NULL, NULL, 0);
INSERT INTO `sys_dept` VALUES (3, '三国集团', NULL, 2, 'admin', '2018-09-23 19:36:24', NULL, NULL, 0);
INSERT INTO `sys_dept` VALUES (4, '上海分公司', 2, 0, 'admin', '2018-09-23 19:37:03', NULL, NULL, 0);
INSERT INTO `sys_dept` VALUES (5, '北京分公司', 1, 1, 'admin', '2018-09-23 19:37:17', NULL, NULL, 0);
INSERT INTO `sys_dept` VALUES (6, '北京分公司', 2, 1, 'admin', '2018-09-23 19:37:28', NULL, NULL, 0);
INSERT INTO `sys_dept` VALUES (7, '技术部', 5, 0, 'admin', '2018-09-23 19:38:00', NULL, NULL, 0);
INSERT INTO `sys_dept` VALUES (8, '技术部', 4, 0, 'admin', '2018-09-23 19:38:10', NULL, NULL, 0);
INSERT INTO `sys_dept` VALUES (9, '技术部', 6, 0, 'admin', '2018-09-23 19:38:17', NULL, NULL, 0);
INSERT INTO `sys_dept` VALUES (10, '市场部', 5, 0, 'admin', '2018-09-23 19:38:45', NULL, NULL, 0);
INSERT INTO `sys_dept` VALUES (11, '市场部', 6, 0, 'admin', '2018-09-23 19:39:01', NULL, NULL, 0);
INSERT INTO `sys_dept` VALUES (12, '魏国', 3, 0, 'admin', '2018-09-23 19:40:42', NULL, NULL, 0);
INSERT INTO `sys_dept` VALUES (13, '蜀国', 3, 1, 'admin', '2018-09-23 19:40:54', NULL, NULL, 0);
INSERT INTO `sys_dept` VALUES (14, '吴国', 3, 2, 'admin', '2018-09-23 19:41:04', NULL, NULL, 0);

-- ----------------------------
-- Table structure for sys_dict
-- ----------------------------
DROP TABLE IF EXISTS `sys_dict`;
CREATE TABLE `sys_dict`  (
  `id` bigint(20) NOT NULL AUTO_INCREMENT COMMENT '编号',
  `value` varchar(100) CHARACTER SET utf8 COLLATE utf8_general_ci NOT NULL COMMENT '数据值',
  `label` varchar(100) CHARACTER SET utf8 COLLATE utf8_general_ci NOT NULL COMMENT '标签名',
  `type` varchar(100) CHARACTER SET utf8 COLLATE utf8_general_ci NOT NULL COMMENT '类型',
  `description` varchar(100) CHARACTER SET utf8 COLLATE utf8_general_ci NOT NULL COMMENT '描述',
  `sort` decimal(10, 0) NOT NULL COMMENT '排序（升序）',
  `create_by` varchar(50) CHARACTER SET utf8 COLLATE utf8_general_ci NULL DEFAULT NULL COMMENT '创建人',
  `create_time` datetime NULL DEFAULT NULL COMMENT '创建时间',
  `last_update_by` varchar(50) CHARACTER SET utf8 COLLATE utf8_general_ci NULL DEFAULT NULL COMMENT '更新人',
  `last_update_time` datetime NULL DEFAULT NULL COMMENT '更新时间',
  `remarks` varchar(255) CHARACTER SET utf8 COLLATE utf8_general_ci NULL DEFAULT NULL COMMENT '备注信息',
  `del_flag` tinyint(4) NULL DEFAULT 0 COMMENT '是否删除  -1：已删除  0：正常',
  PRIMARY KEY (`id`) USING BTREE
) ENGINE = InnoDB AUTO_INCREMENT = 3 CHARACTER SET = utf8 COLLATE = utf8_general_ci COMMENT = '字典表' ROW_FORMAT = Compact;

-- ----------------------------
-- Records of sys_dict
-- ----------------------------
INSERT INTO `sys_dict` VALUES (1, 'male', '男', 'sex', '性别', 0, 'admin', '2018-09-23 19:52:54', NULL, NULL, '性别', 0);
INSERT INTO `sys_dict` VALUES (2, 'female', '女', 'sex', '性别', 1, 'admin', '2018-09-23 19:53:17', NULL, NULL, '性别', 0);

-- ----------------------------
-- Table structure for sys_log
-- ----------------------------
DROP TABLE IF EXISTS `sys_log`;
CREATE TABLE `sys_log`  (
  `id` bigint(20) NOT NULL AUTO_INCREMENT COMMENT '编号',
  `user_name` varchar(50) CHARACTER SET utf8 COLLATE utf8_general_ci NULL DEFAULT NULL COMMENT '用户名',
  `operation` varchar(50) CHARACTER SET utf8 COLLATE utf8_general_ci NULL DEFAULT NULL COMMENT '用户操作',
  `method` varchar(200) CHARACTER SET utf8 COLLATE utf8_general_ci NULL DEFAULT NULL COMMENT '请求方法',
  `params` varchar(5000) CHARACTER SET utf8 COLLATE utf8_general_ci NULL DEFAULT NULL COMMENT '请求参数',
  `time` bigint(20) NOT NULL COMMENT '执行时长(毫秒)',
  `ip` varchar(64) CHARACTER SET utf8 COLLATE utf8_general_ci NULL DEFAULT NULL COMMENT 'IP地址',
  `create_by` varchar(50) CHARACTER SET utf8 COLLATE utf8_general_ci NULL DEFAULT NULL COMMENT '创建人',
  `create_time` datetime NULL DEFAULT NULL COMMENT '创建时间',
  `last_update_by` varchar(50) CHARACTER SET utf8 COLLATE utf8_general_ci NULL DEFAULT NULL COMMENT '更新人',
  `last_update_time` datetime NULL DEFAULT NULL COMMENT '更新时间',
  PRIMARY KEY (`id`) USING BTREE
) ENGINE = InnoDB AUTO_INCREMENT = 2897 CHARACTER SET = utf8 COLLATE = utf8_general_ci COMMENT = '系统操作日志' ROW_FORMAT = Compact;

-- ----------------------------
-- Records of sys_log
-- ----------------------------
INSERT INTO `sys_log` VALUES (1, 'admin', NULL, 'com.louis.kitty.admin.sevice.impl.SysDictServiceImpl.findPage()', '{\"columnFilters\":{\"label\":{\"name\":\"label\",\"value\":\"\"}},\"pageNum\":1,\"pageSize\":8}', 4, '0:0:0:0:0:0:0:1', 'admin', '2018-09-23 19:54:16', NULL, NULL);
INSERT INTO `sys_log` VALUES (2, 'admin', NULL, 'com.louis.kitty.admin.sevice.impl.SysRoleServiceImpl.findPage()', '{\"columnFilters\":{\"name\":{\"name\":\"name\",\"value\":\"\"}},\"pageNum\":1,\"pageSize\":8}', 4, '0:0:0:0:0:0:0:1', 'admin', '2018-09-23 19:54:17', NULL, NULL);
INSERT INTO `sys_log` VALUES (3, 'admin', NULL, 'com.louis.kitty.admin.sevice.impl.SysUserServiceImpl.findPage()', '{\"columnFilters\":{\"name\":{\"name\":\"name\",\"value\":\"\"}},\"pageNum\":1,\"pageSize\":8}', 36, '0:0:0:0:0:0:0:1', 'admin', '2018-09-23 19:54:18', NULL, NULL);
INSERT INTO `sys_log` VALUES (4, 'admin', NULL, 'com.louis.kitty.admin.sevice.impl.SysDictServiceImpl.findPage()', '{\"columnFilters\":{\"label\":{\"name\":\"label\",\"value\":\"\"}},\"pageNum\":1,\"pageSize\":8}', 4, '0:0:0:0:0:0:0:1', 'admin', '2018-09-23 19:54:20', NULL, NULL);
INSERT INTO `sys_log` VALUES (5, 'admin', NULL, 'com.louis.kitty.admin.sevice.impl.SysRoleServiceImpl.findPage()', '{\"columnFilters\":{\"name\":{\"name\":\"name\",\"value\":\"\"}},\"pageNum\":1,\"pageSize\":8}', 4, '0:0:0:0:0:0:0:1', 'admin', '2018-09-23 19:54:20', NULL, NULL);
INSERT INTO `sys_log` VALUES (6, 'admin', NULL, 'com.louis.kitty.admin.sevice.impl.SysUserServiceImpl.findPage()', '{\"columnFilters\":{\"name\":{\"name\":\"name\",\"value\":\"\"}},\"pageNum\":1,\"pageSize\":8}', 27, '0:0:0:0:0:0:0:1', 'admin', '2018-09-23 19:54:21', NULL, NULL);
INSERT INTO `sys_log` VALUES (7, 'admin', NULL, 'com.louis.kitty.admin.sevice.impl.SysRoleServiceImpl.findPage()', '{\"columnFilters\":{\"name\":{\"name\":\"name\",\"value\":\"\"}},\"pageNum\":1,\"pageSize\":8}', 4, '0:0:0:0:0:0:0:1', 'admin', '2018-09-23 19:54:22', NULL, NULL);
INSERT INTO `sys_log` VALUES (8, 'admin', NULL, 'com.louis.kitty.admin.sevice.impl.SysDictServiceImpl.findPage()', '{\"columnFilters\":{\"label\":{\"name\":\"label\",\"value\":\"\"}},\"pageNum\":1,\"pageSize\":8}', 4, '0:0:0:0:0:0:0:1', 'admin', '2018-09-23 19:54:23', NULL, NULL);
INSERT INTO `sys_log` VALUES (2798, NULL, NULL, 'com.louis.mango.admin.service.impl.SysUserServiceImpl.findByName()', '\"admin\"', 361, '0:0:0:0:0:0:0:1', NULL, NULL, NULL, NULL);
INSERT INTO `sys_log` VALUES (2799, NULL, NULL, 'com.louis.mango.admin.service.impl.SysUserServiceImpl.findByName()', '\"admin\"', 4, '0:0:0:0:0:0:0:1', NULL, NULL, NULL, NULL);
INSERT INTO `sys_log` VALUES (2800, NULL, NULL, 'com.louis.mango.admin.service.impl.SysMenuServiceImpl.findByUser()', '\"admin\"', 43, '0:0:0:0:0:0:0:1', NULL, NULL, NULL, NULL);
INSERT INTO `sys_log` VALUES (2801, NULL, NULL, 'com.louis.mango.admin.service.impl.SysUserServiceImpl.findPermissions()', '\"admin\"', 49, '0:0:0:0:0:0:0:1', NULL, NULL, NULL, NULL);
INSERT INTO `sys_log` VALUES (2802, NULL, NULL, 'com.louis.mango.admin.service.impl.SysUserServiceImpl.findByName()', '\"admin\"', 221, '0:0:0:0:0:0:0:1', NULL, NULL, NULL, NULL);
INSERT INTO `sys_log` VALUES (2803, NULL, NULL, 'com.louis.mango.admin.service.impl.SysUserServiceImpl.findByName()', '\"admin\"', 3, '0:0:0:0:0:0:0:1', NULL, NULL, NULL, NULL);
INSERT INTO `sys_log` VALUES (2804, NULL, NULL, 'com.louis.mango.admin.service.impl.SysMenuServiceImpl.findByUser()', '\"admin\"', 37, '0:0:0:0:0:0:0:1', NULL, NULL, NULL, NULL);
INSERT INTO `sys_log` VALUES (2805, NULL, NULL, 'com.louis.mango.admin.service.impl.SysUserServiceImpl.findPermissions()', '\"admin\"', 43, '0:0:0:0:0:0:0:1', NULL, NULL, NULL, NULL);
INSERT INTO `sys_log` VALUES (2806, 'admin', NULL, 'com.louis.mango.admin.service.impl.SysLoginLogServiceImpl.writeLoginLog()', '\"admin\"', 138, '0:0:0:0:0:0:0:1', 'admin', '2019-01-21 10:15:43', NULL, NULL);
INSERT INTO `sys_log` VALUES (2807, 'admin', NULL, 'com.louis.mango.admin.service.impl.SysMenuServiceImpl.findTree()', '\"admin\"', 15, '0:0:0:0:0:0:0:1', 'admin', '2019-01-21 10:15:44', NULL, NULL);
INSERT INTO `sys_log` VALUES (2808, 'admin', NULL, 'com.louis.mango.admin.service.impl.SysMenuServiceImpl.findByUser()', '\"admin\"', 16, '0:0:0:0:0:0:0:1', 'admin', '2019-01-21 10:15:44', NULL, NULL);
INSERT INTO `sys_log` VALUES (2809, 'admin', NULL, 'com.louis.mango.admin.service.impl.SysUserServiceImpl.findPermissions()', '\"admin\"', 22, '0:0:0:0:0:0:0:1', 'admin', '2019-01-21 10:15:44', NULL, NULL);
INSERT INTO `sys_log` VALUES (2876, 'admin', NULL, 'com.louis.mango.admin.service.impl.SysLoginLogServiceImpl.findPage()', '{\"pageNum\":1,\"pageSize\":9,\"params\":[{\"name\":\"userName\",\"value\":\"\"}]}', 13, '0:0:0:0:0:0:0:1', 'admin', '2019-01-22 14:48:10', NULL, NULL);
INSERT INTO `sys_log` VALUES (2877, 'admin', NULL, 'com.louis.mango.admin.service.impl.SysRoleServiceImpl.findPage()', '{\"pageNum\":1,\"pageSize\":9,\"params\":[{\"name\":\"name\",\"value\":\"\"}]}', 15, '0:0:0:0:0:0:0:1', 'admin', '2019-01-22 14:48:13', NULL, NULL);
INSERT INTO `sys_log` VALUES (2878, 'admin', NULL, 'com.louis.mango.admin.service.impl.SysMenuServiceImpl.findTree()', 'null', 10, '0:0:0:0:0:0:0:1', 'admin', '2019-01-22 14:48:13', NULL, NULL);
INSERT INTO `sys_log` VALUES (2879, 'admin', NULL, 'com.louis.mango.admin.service.impl.SysDeptServiceImpl.findTree()', NULL, 3, '0:0:0:0:0:0:0:1', 'admin', '2019-01-22 14:48:14', NULL, NULL);
INSERT INTO `sys_log` VALUES (2880, 'admin', NULL, 'com.louis.mango.admin.service.impl.SysDeptServiceImpl.findTree()', NULL, 2, '0:0:0:0:0:0:0:1', 'admin', '2019-01-22 14:48:14', NULL, NULL);
INSERT INTO `sys_log` VALUES (2881, 'admin', NULL, 'com.louis.mango.admin.service.impl.SysUserServiceImpl.findPage()', '{\"pageNum\":1,\"pageSize\":9,\"params\":[{\"name\":\"name\",\"value\":\"\"}]}', 49, '0:0:0:0:0:0:0:1', 'admin', '2019-01-22 14:48:14', NULL, NULL);
INSERT INTO `sys_log` VALUES (2882, 'admin', NULL, 'com.louis.mango.admin.service.impl.SysRoleServiceImpl.findAll()', NULL, 1, '0:0:0:0:0:0:0:1', 'admin', '2019-01-22 14:48:14', NULL, NULL);
INSERT INTO `sys_log` VALUES (2883, 'admin', NULL, 'com.louis.mango.admin.service.impl.SysMenuServiceImpl.findTree()', 'null', 3, '0:0:0:0:0:0:0:1', 'admin', '2019-01-22 14:48:15', NULL, NULL);
INSERT INTO `sys_log` VALUES (2884, 'admin', NULL, 'com.louis.mango.admin.service.impl.SysConfigServiceImpl.findPage()', '{\"pageNum\":1,\"pageSize\":9,\"params\":[{\"name\":\"label\",\"value\":\"\"}]}', 8, '0:0:0:0:0:0:0:1', 'admin', '2019-01-22 14:48:15', NULL, NULL);
INSERT INTO `sys_log` VALUES (2885, 'admin', NULL, 'com.louis.mango.admin.service.impl.SysLoginLogServiceImpl.findPage()', '{\"pageNum\":1,\"pageSize\":9,\"params\":[{\"name\":\"userName\",\"value\":\"\"}]}', 7, '0:0:0:0:0:0:0:1', 'admin', '2019-01-22 14:48:16', NULL, NULL);
INSERT INTO `sys_log` VALUES (2886, 'admin', NULL, 'com.louis.mango.admin.service.impl.SysDeptServiceImpl.findTree()', NULL, 2, '0:0:0:0:0:0:0:1', 'admin', '2019-01-22 14:48:22', NULL, NULL);
INSERT INTO `sys_log` VALUES (2887, 'admin', NULL, 'com.louis.mango.admin.service.impl.SysUserServiceImpl.findPage()', '{\"pageNum\":1,\"pageSize\":9,\"params\":[{\"name\":\"name\",\"value\":\"\"}]}', 61, '0:0:0:0:0:0:0:1', 'admin', '2019-01-22 14:48:22', NULL, NULL);
INSERT INTO `sys_log` VALUES (2888, 'admin', NULL, 'com.louis.mango.admin.service.impl.SysRoleServiceImpl.findAll()', NULL, 1, '0:0:0:0:0:0:0:1', 'admin', '2019-01-22 14:48:22', NULL, NULL);
INSERT INTO `sys_log` VALUES (2889, 'admin', NULL, 'com.louis.mango.admin.service.impl.SysUserServiceImpl.findPage()', '{\"pageNum\":2,\"pageSize\":9,\"params\":[{\"name\":\"name\",\"value\":\"\"}]}', 18, '0:0:0:0:0:0:0:1', 'admin', '2019-01-22 14:48:25', NULL, NULL);
INSERT INTO `sys_log` VALUES (2890, 'admin', NULL, 'com.louis.mango.admin.service.impl.SysRoleServiceImpl.findAll()', NULL, 2, '0:0:0:0:0:0:0:1', 'admin', '2019-01-22 14:48:25', NULL, NULL);
INSERT INTO `sys_log` VALUES (2891, 'admin', NULL, 'com.louis.mango.admin.service.impl.SysUserServiceImpl.findPage()', '{\"pageNum\":1,\"pageSize\":9,\"params\":[{\"name\":\"name\",\"value\":\"\"}]}', 43, '0:0:0:0:0:0:0:1', 'admin', '2019-01-22 14:48:27', NULL, NULL);
INSERT INTO `sys_log` VALUES (2892, 'admin', NULL, 'com.louis.mango.admin.service.impl.SysRoleServiceImpl.findAll()', NULL, 1, '0:0:0:0:0:0:0:1', 'admin', '2019-01-22 14:48:27', NULL, NULL);
INSERT INTO `sys_log` VALUES (2893, 'admin', NULL, 'com.louis.mango.admin.service.impl.SysUserServiceImpl.createUserExcelFile()', '{\"pageNum\":1,\"pageSize\":100000,\"params\":[{\"name\":\"name\",\"value\":\"\"}]}', 1577, '0:0:0:0:0:0:0:1', 'admin', '2019-01-22 14:48:38', NULL, NULL);
INSERT INTO `sys_log` VALUES (2894, 'admin', NULL, 'com.louis.mango.admin.service.impl.SysDeptServiceImpl.findTree()', NULL, 1, '0:0:0:0:0:0:0:1', 'admin', '2019-01-22 14:49:24', NULL, NULL);
INSERT INTO `sys_log` VALUES (2895, 'admin', NULL, 'com.louis.mango.admin.service.impl.SysUserServiceImpl.findPage()', '{\"pageNum\":1,\"pageSize\":9,\"params\":[{\"name\":\"name\",\"value\":\"\"}]}', 75, '0:0:0:0:0:0:0:1', 'admin', '2019-01-22 14:49:24', NULL, NULL);
INSERT INTO `sys_log` VALUES (2896, 'admin', NULL, 'com.louis.mango.admin.service.impl.SysRoleServiceImpl.findAll()', NULL, 2, '0:0:0:0:0:0:0:1', 'admin', '2019-01-22 14:49:24', NULL, NULL);

-- ----------------------------
-- Table structure for sys_login_log
-- ----------------------------
DROP TABLE IF EXISTS `sys_login_log`;
CREATE TABLE `sys_login_log`  (
  `id` bigint(20) NOT NULL AUTO_INCREMENT COMMENT '编号',
  `user_name` varchar(50) CHARACTER SET utf8 COLLATE utf8_general_ci NULL DEFAULT NULL COMMENT '用户名',
  `status` varchar(50) CHARACTER SET utf8 COLLATE utf8_general_ci NULL DEFAULT NULL COMMENT '登录状态（online:在线，登录初始状态，方便统计在线人数；login:退出登录后将online置为login；logout:退出登录）',
  `ip` varchar(64) CHARACTER SET utf8 COLLATE utf8_general_ci NULL DEFAULT NULL COMMENT 'IP地址',
  `create_by` varchar(50) CHARACTER SET utf8 COLLATE utf8_general_ci NULL DEFAULT NULL COMMENT '创建人',
  `create_time` datetime NULL DEFAULT NULL COMMENT '创建时间',
  `last_update_by` varchar(50) CHARACTER SET utf8 COLLATE utf8_general_ci NULL DEFAULT NULL COMMENT '更新人',
  `last_update_time` datetime NULL DEFAULT NULL COMMENT '更新时间',
  PRIMARY KEY (`id`) USING BTREE
) ENGINE = InnoDB AUTO_INCREMENT = 2804 CHARACTER SET = utf8 COLLATE = utf8_general_ci COMMENT = '系统登录日志' ROW_FORMAT = Compact;

-- ----------------------------
-- Records of sys_login_log
-- ----------------------------
INSERT INTO `sys_login_log` VALUES (1, 'admin', 'login', '0:0:0:0:0:0:0:1', 'admin', '2018-09-23 19:54:16', NULL, NULL);
INSERT INTO `sys_login_log` VALUES (2, 'admin', 'logout', '0:0:0:0:0:0:0:1', 'admin', '2018-09-23 19:54:17', NULL, NULL);
INSERT INTO `sys_login_log` VALUES (3, 'admin', 'login', '0:0:0:0:0:0:0:1', 'admin', '2018-09-23 19:54:18', NULL, NULL);
INSERT INTO `sys_login_log` VALUES (4, 'admin', 'logout', '0:0:0:0:0:0:0:1', 'admin', '2018-09-23 19:54:20', NULL, NULL);
INSERT INTO `sys_login_log` VALUES (5, 'admin', 'login', '0:0:0:0:0:0:0:1', 'admin', '2018-09-23 19:54:20', NULL, NULL);
INSERT INTO `sys_login_log` VALUES (6, 'admin', 'logout', '0:0:0:0:0:0:0:1', 'admin', '2018-09-23 19:54:21', NULL, NULL);
INSERT INTO `sys_login_log` VALUES (7, 'admin', 'login', '0:0:0:0:0:0:0:1', 'admin', '2018-09-23 19:54:22', NULL, NULL);
INSERT INTO `sys_login_log` VALUES (8, 'admin', 'login', '0:0:0:0:0:0:0:1', 'admin', '2018-09-23 19:54:23', 'admin', '2019-01-21 10:15:43');
INSERT INTO `sys_login_log` VALUES (2798, 'admin', 'logout', '0:0:0:0:0:0:0:1', 'admin', '2019-01-21 10:15:43', NULL, NULL);
INSERT INTO `sys_login_log` VALUES (2799, 'admin', 'login', '0:0:0:0:0:0:0:1', 'admin', '2019-01-21 10:15:43', 'admin', '2019-01-21 10:16:54');
INSERT INTO `sys_login_log` VALUES (2800, 'admin', 'logout', '0:0:0:0:0:0:0:1', 'admin', '2019-01-21 10:16:54', NULL, NULL);
INSERT INTO `sys_login_log` VALUES (2801, 'admin', 'login', '0:0:0:0:0:0:0:1', 'admin', '2019-01-21 10:16:54', 'admin', '2019-01-22 14:43:09');
INSERT INTO `sys_login_log` VALUES (2802, 'admin', 'logout', '0:0:0:0:0:0:0:1', 'admin', '2019-01-22 14:43:09', NULL, NULL);
INSERT INTO `sys_login_log` VALUES (2803, 'admin', 'online', '0:0:0:0:0:0:0:1', 'admin', '2019-01-22 14:43:09', NULL, NULL);

-- ----------------------------
-- Table structure for sys_menu
-- ----------------------------
DROP TABLE IF EXISTS `sys_menu`;
CREATE TABLE `sys_menu`  (
  `id` bigint(20) NOT NULL AUTO_INCREMENT COMMENT '编号',
  `name` varchar(50) CHARACTER SET utf8 COLLATE utf8_general_ci NULL DEFAULT NULL COMMENT '菜单名称',
  `parent_id` bigint(20) NULL DEFAULT NULL COMMENT '父菜单ID，一级菜单为0',
  `url` varchar(200) CHARACTER SET utf8 COLLATE utf8_general_ci NULL DEFAULT NULL COMMENT '菜单URL,类型：1.普通页面（如用户管理， /sys/user） 2.嵌套完整外部页面，以http(s)开头的链接 3.嵌套服务器页面，使用iframe:前缀+目标URL(如SQL监控， iframe:/druid/login.html, iframe:前缀会替换成服务器地址)',
  `perms` varchar(500) CHARACTER SET utf8 COLLATE utf8_general_ci NULL DEFAULT NULL COMMENT '授权(多个用逗号分隔，如：sys:user:add,sys:user:edit)',
  `type` int(11) NULL DEFAULT NULL COMMENT '类型   0：目录   1：菜单   2：按钮',
  `icon` varchar(50) CHARACTER SET utf8 COLLATE utf8_general_ci NULL DEFAULT NULL COMMENT '菜单图标',
  `order_num` int(11) NULL DEFAULT NULL COMMENT '排序',
  `create_by` varchar(50) CHARACTER SET utf8 COLLATE utf8_general_ci NULL DEFAULT NULL COMMENT '创建人',
  `create_time` datetime NULL DEFAULT NULL COMMENT '创建时间',
  `last_update_by` varchar(50) CHARACTER SET utf8 COLLATE utf8_general_ci NULL DEFAULT NULL COMMENT '更新人',
  `last_update_time` datetime NULL DEFAULT NULL COMMENT '更新时间',
  `del_flag` tinyint(4) NULL DEFAULT 0 COMMENT '是否删除  -1：已删除  0：正常',
  PRIMARY KEY (`id`) USING BTREE
) ENGINE = InnoDB AUTO_INCREMENT = 64 CHARACTER SET = utf8 COLLATE = utf8_general_ci COMMENT = '菜单管理' ROW_FORMAT = Compact;

-- ----------------------------
-- Records of sys_menu
-- ----------------------------
INSERT INTO `sys_menu` VALUES (1, '系统管理', 0, NULL, NULL, 0, 'el-icon-setting', 0, NULL, NULL, NULL, NULL, 0);
INSERT INTO `sys_menu` VALUES (2, '用户管理', 1, '/sys/user', NULL, 1, 'el-icon-service', 1, NULL, NULL, NULL, NULL, 0);
INSERT INTO `sys_menu` VALUES (3, '查看', 2, NULL, 'sys:user:view', 2, NULL, 0, NULL, NULL, NULL, NULL, 0);
INSERT INTO `sys_menu` VALUES (4, '新增', 2, NULL, 'sys:user:add', 2, NULL, 0, NULL, NULL, NULL, NULL, 0);
INSERT INTO `sys_menu` VALUES (5, '修改', 2, NULL, 'sys:user:edit', 2, NULL, 0, NULL, NULL, NULL, NULL, 0);
INSERT INTO `sys_menu` VALUES (6, '删除', 2, NULL, 'sys:user:delete', 2, NULL, 0, NULL, NULL, NULL, NULL, 0);
INSERT INTO `sys_menu` VALUES (7, '机构管理', 1, '/sys/dept', NULL, 1, 'el-icon-news', 2, NULL, NULL, NULL, NULL, 0);
INSERT INTO `sys_menu` VALUES (8, '查看', 7, NULL, 'sys:dept:view', 2, NULL, 0, NULL, NULL, NULL, NULL, 0);
INSERT INTO `sys_menu` VALUES (9, '新增', 7, NULL, 'sys:dept:add', 2, NULL, 0, NULL, NULL, NULL, NULL, 0);
INSERT INTO `sys_menu` VALUES (10, '修改', 7, NULL, 'sys:dept:edit', 2, NULL, 0, NULL, NULL, NULL, NULL, 0);
INSERT INTO `sys_menu` VALUES (11, '删除', 7, NULL, 'sys:dept:delete', 2, NULL, 0, NULL, NULL, NULL, NULL, 0);
INSERT INTO `sys_menu` VALUES (12, '角色管理', 1, '/sys/role', NULL, 1, 'el-icon-view', 4, NULL, NULL, NULL, NULL, 0);
INSERT INTO `sys_menu` VALUES (13, '查看', 12, NULL, 'sys:role:view', 2, NULL, 0, NULL, NULL, NULL, NULL, 0);
INSERT INTO `sys_menu` VALUES (14, '新增', 12, NULL, 'sys:role:add', 2, NULL, 0, NULL, NULL, NULL, NULL, 0);
INSERT INTO `sys_menu` VALUES (15, '修改', 12, NULL, 'sys:role:edit', 2, NULL, 0, NULL, NULL, NULL, NULL, 0);
INSERT INTO `sys_menu` VALUES (16, '删除', 12, NULL, 'sys:role:delete', 2, NULL, 0, NULL, NULL, NULL, NULL, 0);
INSERT INTO `sys_menu` VALUES (17, '菜单管理', 1, '/sys/menu', NULL, 1, 'el-icon-menu', 5, NULL, NULL, NULL, NULL, 0);
INSERT INTO `sys_menu` VALUES (18, '查看', 17, NULL, 'sys:menu:view', 2, NULL, 0, NULL, NULL, NULL, NULL, 0);
INSERT INTO `sys_menu` VALUES (19, '新增', 17, NULL, 'sys:menu:add', 2, NULL, 0, NULL, NULL, NULL, NULL, 0);
INSERT INTO `sys_menu` VALUES (20, '修改', 17, NULL, 'sys:menu:edit', 2, NULL, 0, NULL, NULL, NULL, NULL, 0);
INSERT INTO `sys_menu` VALUES (21, '删除', 17, NULL, 'sys:menu:delete', 2, NULL, 0, NULL, NULL, NULL, NULL, 0);
INSERT INTO `sys_menu` VALUES (22, '字典管理', 1, '/sys/dict', NULL, 1, 'el-icon-edit-outline', 7, NULL, NULL, NULL, NULL, 0);
INSERT INTO `sys_menu` VALUES (23, '查看', 22, NULL, 'sys:dict:view', 2, NULL, 0, NULL, NULL, NULL, NULL, 0);
INSERT INTO `sys_menu` VALUES (24, '新增', 22, NULL, 'sys:dict:add', 2, NULL, 0, NULL, NULL, NULL, NULL, 0);
INSERT INTO `sys_menu` VALUES (25, '修改', 22, NULL, 'sys:dict:edit', 2, NULL, 0, NULL, NULL, NULL, NULL, 0);
INSERT INTO `sys_menu` VALUES (26, '删除', 22, NULL, 'sys:dict:delete', 2, NULL, 0, NULL, NULL, NULL, NULL, 0);
INSERT INTO `sys_menu` VALUES (27, '系统配置', 1, '/sys/config', NULL, 1, 'el-icon-edit-outline', 7, NULL, NULL, NULL, NULL, 0);
INSERT INTO `sys_menu` VALUES (28, '查看', 27, NULL, 'sys:config:view', 2, NULL, 0, NULL, NULL, NULL, NULL, 0);
INSERT INTO `sys_menu` VALUES (29, '新增', 27, NULL, 'sys:config:add', 2, NULL, 0, NULL, NULL, NULL, NULL, 0);
INSERT INTO `sys_menu` VALUES (30, '修改', 27, NULL, 'sys:config:edit', 2, NULL, 0, NULL, NULL, NULL, NULL, 0);
INSERT INTO `sys_menu` VALUES (31, '删除', 27, NULL, 'sys:config:delete', 2, NULL, 0, NULL, NULL, NULL, NULL, 0);
INSERT INTO `sys_menu` VALUES (32, '登录日志', 1, '/sys/loginlog', NULL, 1, 'el-icon-info', 8, NULL, NULL, 'admin', '2018-09-23 19:32:28', 0);
INSERT INTO `sys_menu` VALUES (33, '查看', 32, NULL, 'sys:loginlog:view', 2, NULL, 0, NULL, NULL, NULL, NULL, 0);
INSERT INTO `sys_menu` VALUES (34, '删除', 32, NULL, 'sys:loginlog:delete', 2, NULL, 0, NULL, NULL, NULL, NULL, 0);
INSERT INTO `sys_menu` VALUES (35, '操作日志', 1, '/sys/log', NULL, 1, 'el-icon-info', 8, NULL, NULL, 'admin', '2018-09-23 19:32:28', 0);
INSERT INTO `sys_menu` VALUES (36, '查看', 35, NULL, 'sys:log:view', 2, NULL, 0, NULL, NULL, NULL, NULL, 0);
INSERT INTO `sys_menu` VALUES (37, '删除', 35, NULL, 'sys:log:delete', 2, NULL, 0, NULL, NULL, NULL, NULL, 0);
INSERT INTO `sys_menu` VALUES (38, '系统监控', 0, '', '', 0, 'el-icon-info', 4, 'admin', '2018-12-27 10:57:29', 'admin', '2019-01-10 17:31:04', 0);
INSERT INTO `sys_menu` VALUES (39, '数据监控', 38, 'http://localhost:8001/druid/login.html', NULL, 1, 'el-icon-warning', 0, NULL, NULL, 'admin', '2018-12-27 11:03:45', 0);
INSERT INTO `sys_menu` VALUES (40, '查看', 39, NULL, 'sys:druid:view', 2, NULL, 0, NULL, NULL, NULL, NULL, 0);
INSERT INTO `sys_menu` VALUES (41, '服务监控', 38, 'http://localhost:8000/', NULL, 1, 'el-icon-view', 1, 'admin', '2018-11-02 20:02:15', 'admin', '2018-12-27 11:03:53', 0);
INSERT INTO `sys_menu` VALUES (42, '查看', 41, NULL, 'sys:monitor:view', 2, NULL, 0, NULL, NULL, NULL, NULL, 0);
INSERT INTO `sys_menu` VALUES (43, '服务治理', 0, '', '', 0, 'el-icon-service', 2, 'admin', '2018-12-27 11:05:48', 'admin', '2018-12-27 11:06:39', 0);
INSERT INTO `sys_menu` VALUES (44, '注册中心', 43, 'http://localhost:8761/', NULL, 1, ' el-icon-view', 0, 'admin', '2018-11-03 11:06:48', 'admin', '2018-12-27 11:08:11', 0);
INSERT INTO `sys_menu` VALUES (45, '查看', 44, NULL, 'sys:consul:view', 2, NULL, 0, NULL, NULL, NULL, NULL, 0);
INSERT INTO `sys_menu` VALUES (46, '接口文档', 0, 'http://localhost:8001/swagger-ui.html', NULL, 1, 'el-icon-document', 3, NULL, NULL, 'admin', '2018-12-27 11:04:18', 0);
INSERT INTO `sys_menu` VALUES (47, '查看', 46, NULL, 'sys:swagger:view', 2, NULL, 0, NULL, NULL, NULL, NULL, 0);
INSERT INTO `sys_menu` VALUES (48, '代码生成', 0, '/generator/generator', '', 1, 'el-icon-star-on', 5, 'admin', '2018-11-15 14:39:30', 'admin', '2018-11-15 14:56:18', 0);
INSERT INTO `sys_menu` VALUES (49, '查看', 48, NULL, 'sys:generator:view', 2, NULL, 0, NULL, NULL, NULL, NULL, 0);
INSERT INTO `sys_menu` VALUES (50, '在线用户', 0, '/sys/online', '', 1, 'el-icon-view', 5, 'admin', '2018-11-15 14:39:30', 'admin', '2018-11-15 14:56:18', 0);
INSERT INTO `sys_menu` VALUES (51, '查看', 50, NULL, 'sys:online:view', 2, NULL, 0, NULL, NULL, NULL, NULL, 0);
INSERT INTO `sys_menu` VALUES (52, '使用案例', 0, NULL, NULL, 0, 'el-icon-picture-outline', 6, NULL, NULL, 'admin', '2018-11-15 14:39:43', 0);
INSERT INTO `sys_menu` VALUES (53, '国际化', 52, '/demo/i18n', NULL, 1, 'el-icon-edit', 1, NULL, NULL, NULL, NULL, 0);
INSERT INTO `sys_menu` VALUES (54, '查看', 53, NULL, 'sys:dict:view', 2, NULL, 0, NULL, NULL, NULL, NULL, 0);
INSERT INTO `sys_menu` VALUES (55, '换皮肤', 52, '/demo/theme', NULL, 1, 'el-icon-picture', 2, NULL, NULL, NULL, NULL, 0);
INSERT INTO `sys_menu` VALUES (56, '查看', 55, NULL, 'sys:dict:view', 2, NULL, 0, NULL, NULL, NULL, NULL, 0);

-- ----------------------------
-- Table structure for sys_role
-- ----------------------------
DROP TABLE IF EXISTS `sys_role`;
CREATE TABLE `sys_role`  (
  `id` bigint(20) NOT NULL AUTO_INCREMENT COMMENT '编号',
  `name` varchar(100) CHARACTER SET utf8 COLLATE utf8_general_ci NULL DEFAULT NULL COMMENT '角色名称',
  `remark` varchar(100) CHARACTER SET utf8 COLLATE utf8_general_ci NULL DEFAULT NULL COMMENT '备注',
  `create_by` varchar(50) CHARACTER SET utf8 COLLATE utf8_general_ci NULL DEFAULT NULL COMMENT '创建人',
  `create_time` datetime NULL DEFAULT NULL COMMENT '创建时间',
  `last_update_by` varchar(50) CHARACTER SET utf8 COLLATE utf8_general_ci NULL DEFAULT NULL COMMENT '更新人',
  `last_update_time` datetime NULL DEFAULT NULL COMMENT '更新时间',
  `del_flag` tinyint(4) NULL DEFAULT 0 COMMENT '是否删除  -1：已删除  0：正常',
  PRIMARY KEY (`id`) USING BTREE
) ENGINE = InnoDB AUTO_INCREMENT = 6 CHARACTER SET = utf8 COLLATE = utf8_general_ci COMMENT = '角色管理' ROW_FORMAT = Compact;

-- ----------------------------
-- Records of sys_role
-- ----------------------------
INSERT INTO `sys_role` VALUES (1, 'admin', '超级管理员', 'admin', '2019-01-19 11:11:11', 'admin', '2019-01-19 19:07:18', 0);
INSERT INTO `sys_role` VALUES (2, 'mng', '项目经理', 'admin', '2019-01-19 11:11:11', 'admin', '2019-01-19 11:39:28', 0);
INSERT INTO `sys_role` VALUES (3, 'dev', '开发人员', 'admin', '2019-01-19 11:11:11', 'admin', '2019-01-19 11:39:28', 0);
INSERT INTO `sys_role` VALUES (4, 'test', '测试人员', 'admin', '2019-01-19 11:11:11', 'admin', '2019-01-19 11:11:11', 0);
INSERT INTO `sys_role` VALUES (5, 'ops', '运维', NULL, NULL, NULL, NULL, 0);

-- ----------------------------
-- Table structure for sys_role_dept
-- ----------------------------
DROP TABLE IF EXISTS `sys_role_dept`;
CREATE TABLE `sys_role_dept`  (
  `id` bigint(20) NOT NULL AUTO_INCREMENT COMMENT '编号',
  `role_id` bigint(20) NULL DEFAULT NULL COMMENT '角色ID',
  `dept_id` bigint(20) NULL DEFAULT NULL COMMENT '机构ID',
  `create_by` varchar(50) CHARACTER SET utf8 COLLATE utf8_general_ci NULL DEFAULT NULL COMMENT '创建人',
  `create_time` datetime NULL DEFAULT NULL COMMENT '创建时间',
  `last_update_by` varchar(50) CHARACTER SET utf8 COLLATE utf8_general_ci NULL DEFAULT NULL COMMENT '更新人',
  `last_update_time` datetime NULL DEFAULT NULL COMMENT '更新时间',
  PRIMARY KEY (`id`) USING BTREE
) ENGINE = InnoDB AUTO_INCREMENT = 4 CHARACTER SET = utf8 COLLATE = utf8_general_ci COMMENT = '角色机构' ROW_FORMAT = Compact;

-- ----------------------------
-- Records of sys_role_dept
-- ----------------------------
INSERT INTO `sys_role_dept` VALUES (1, 1, 1, 'admin', '2019-01-11 08:30:37', 'admin', '2019-01-11 08:30:25');
INSERT INTO `sys_role_dept` VALUES (2, 2, 2, 'admin', '2019-01-11 08:31:01', 'admin', '2019-01-11 08:31:04');
INSERT INTO `sys_role_dept` VALUES (3, 3, 3, 'admin', '2019-01-11 08:31:18', 'admin', '2019-01-11 08:31:21');

-- ----------------------------
-- Table structure for sys_role_menu
-- ----------------------------
DROP TABLE IF EXISTS `sys_role_menu`;
CREATE TABLE `sys_role_menu`  (
  `id` bigint(20) NOT NULL AUTO_INCREMENT COMMENT '编号',
  `role_id` bigint(20) NULL DEFAULT NULL COMMENT '角色ID',
  `menu_id` bigint(20) NULL DEFAULT NULL COMMENT '菜单ID',
  `create_by` varchar(50) CHARACTER SET utf8 COLLATE utf8_general_ci NULL DEFAULT NULL COMMENT '创建人',
  `create_time` datetime NULL DEFAULT NULL COMMENT '创建时间',
  `last_update_by` varchar(50) CHARACTER SET utf8 COLLATE utf8_general_ci NULL DEFAULT NULL COMMENT '更新人',
  `last_update_time` datetime NULL DEFAULT NULL COMMENT '更新时间',
  PRIMARY KEY (`id`) USING BTREE
) ENGINE = InnoDB AUTO_INCREMENT = 704 CHARACTER SET = utf8 COLLATE = utf8_general_ci COMMENT = '角色菜单' ROW_FORMAT = Compact;

-- ----------------------------
-- Records of sys_role_menu
-- ----------------------------
INSERT INTO `sys_role_menu` VALUES (431, 8, 1, 'admin', '2018-09-23 19:55:08', NULL, NULL);
INSERT INTO `sys_role_menu` VALUES (432, 8, 2, 'admin', '2018-09-23 19:55:08', NULL, NULL);
INSERT INTO `sys_role_menu` VALUES (433, 8, 9, 'admin', '2018-09-23 19:55:08', NULL, NULL);
INSERT INTO `sys_role_menu` VALUES (434, 8, 3, 'admin', '2018-09-23 19:55:08', NULL, NULL);
INSERT INTO `sys_role_menu` VALUES (435, 8, 13, 'admin', '2018-09-23 19:55:08', NULL, NULL);
INSERT INTO `sys_role_menu` VALUES (436, 8, 4, 'admin', '2018-09-23 19:55:08', NULL, NULL);
INSERT INTO `sys_role_menu` VALUES (437, 8, 17, 'admin', '2018-09-23 19:55:08', NULL, NULL);
INSERT INTO `sys_role_menu` VALUES (438, 8, 5, 'admin', '2018-09-23 19:55:08', NULL, NULL);
INSERT INTO `sys_role_menu` VALUES (439, 8, 21, 'admin', '2018-09-23 19:55:08', NULL, NULL);
INSERT INTO `sys_role_menu` VALUES (440, 8, 7, 'admin', '2018-09-23 19:55:08', NULL, NULL);
INSERT INTO `sys_role_menu` VALUES (441, 8, 31, 'admin', '2018-09-23 19:55:08', NULL, NULL);
INSERT INTO `sys_role_menu` VALUES (442, 8, 8, 'admin', '2018-09-23 19:55:08', NULL, NULL);
INSERT INTO `sys_role_menu` VALUES (443, 8, 6, 'admin', '2018-09-23 19:55:08', NULL, NULL);
INSERT INTO `sys_role_menu` VALUES (444, 8, 35, 'admin', '2018-09-23 19:55:08', NULL, NULL);
INSERT INTO `sys_role_menu` VALUES (469, 2, 1, NULL, NULL, NULL, NULL);
INSERT INTO `sys_role_menu` VALUES (470, 2, 2, NULL, NULL, NULL, NULL);
INSERT INTO `sys_role_menu` VALUES (471, 2, 3, NULL, NULL, NULL, NULL);
INSERT INTO `sys_role_menu` VALUES (472, 2, 4, NULL, NULL, NULL, NULL);
INSERT INTO `sys_role_menu` VALUES (473, 2, 5, NULL, NULL, NULL, NULL);
INSERT INTO `sys_role_menu` VALUES (474, 2, 6, NULL, NULL, NULL, NULL);
INSERT INTO `sys_role_menu` VALUES (475, 2, 7, NULL, NULL, NULL, NULL);
INSERT INTO `sys_role_menu` VALUES (476, 2, 8, NULL, NULL, NULL, NULL);
INSERT INTO `sys_role_menu` VALUES (477, 2, 9, NULL, NULL, NULL, NULL);
INSERT INTO `sys_role_menu` VALUES (478, 2, 10, NULL, NULL, NULL, NULL);
INSERT INTO `sys_role_menu` VALUES (479, 2, 11, NULL, NULL, NULL, NULL);
INSERT INTO `sys_role_menu` VALUES (480, 2, 12, NULL, NULL, NULL, NULL);
INSERT INTO `sys_role_menu` VALUES (481, 2, 13, NULL, NULL, NULL, NULL);
INSERT INTO `sys_role_menu` VALUES (482, 2, 14, NULL, NULL, NULL, NULL);
INSERT INTO `sys_role_menu` VALUES (483, 2, 15, NULL, NULL, NULL, NULL);
INSERT INTO `sys_role_menu` VALUES (484, 2, 16, NULL, NULL, NULL, NULL);
INSERT INTO `sys_role_menu` VALUES (485, 2, 17, NULL, NULL, NULL, NULL);
INSERT INTO `sys_role_menu` VALUES (486, 2, 18, NULL, NULL, NULL, NULL);
INSERT INTO `sys_role_menu` VALUES (487, 2, 19, NULL, NULL, NULL, NULL);
INSERT INTO `sys_role_menu` VALUES (488, 2, 20, NULL, NULL, NULL, NULL);
INSERT INTO `sys_role_menu` VALUES (489, 2, 21, NULL, NULL, NULL, NULL);
INSERT INTO `sys_role_menu` VALUES (490, 2, 22, NULL, NULL, NULL, NULL);
INSERT INTO `sys_role_menu` VALUES (491, 2, 23, NULL, NULL, NULL, NULL);
INSERT INTO `sys_role_menu` VALUES (492, 2, 24, NULL, NULL, NULL, NULL);
INSERT INTO `sys_role_menu` VALUES (493, 2, 25, NULL, NULL, NULL, NULL);
INSERT INTO `sys_role_menu` VALUES (494, 2, 26, NULL, NULL, NULL, NULL);
INSERT INTO `sys_role_menu` VALUES (495, 2, 27, NULL, NULL, NULL, NULL);
INSERT INTO `sys_role_menu` VALUES (496, 2, 28, NULL, NULL, NULL, NULL);
INSERT INTO `sys_role_menu` VALUES (497, 2, 29, NULL, NULL, NULL, NULL);
INSERT INTO `sys_role_menu` VALUES (498, 2, 30, NULL, NULL, NULL, NULL);
INSERT INTO `sys_role_menu` VALUES (499, 2, 31, NULL, NULL, NULL, NULL);
INSERT INTO `sys_role_menu` VALUES (500, 2, 32, NULL, NULL, NULL, NULL);
INSERT INTO `sys_role_menu` VALUES (501, 2, 33, NULL, NULL, NULL, NULL);
INSERT INTO `sys_role_menu` VALUES (502, 2, 34, NULL, NULL, NULL, NULL);
INSERT INTO `sys_role_menu` VALUES (503, 2, 35, NULL, NULL, NULL, NULL);
INSERT INTO `sys_role_menu` VALUES (504, 2, 36, NULL, NULL, NULL, NULL);
INSERT INTO `sys_role_menu` VALUES (505, 2, 37, NULL, NULL, NULL, NULL);
INSERT INTO `sys_role_menu` VALUES (506, 2, 43, NULL, NULL, NULL, NULL);
INSERT INTO `sys_role_menu` VALUES (507, 2, 44, NULL, NULL, NULL, NULL);
INSERT INTO `sys_role_menu` VALUES (508, 2, 45, NULL, NULL, NULL, NULL);
INSERT INTO `sys_role_menu` VALUES (509, 2, 46, NULL, NULL, NULL, NULL);
INSERT INTO `sys_role_menu` VALUES (510, 2, 47, NULL, NULL, NULL, NULL);
INSERT INTO `sys_role_menu` VALUES (511, 2, 38, NULL, NULL, NULL, NULL);
INSERT INTO `sys_role_menu` VALUES (512, 2, 39, NULL, NULL, NULL, NULL);
INSERT INTO `sys_role_menu` VALUES (513, 2, 40, NULL, NULL, NULL, NULL);
INSERT INTO `sys_role_menu` VALUES (514, 2, 41, NULL, NULL, NULL, NULL);
INSERT INTO `sys_role_menu` VALUES (515, 2, 42, NULL, NULL, NULL, NULL);
INSERT INTO `sys_role_menu` VALUES (516, 2, 48, NULL, NULL, NULL, NULL);
INSERT INTO `sys_role_menu` VALUES (517, 2, 49, NULL, NULL, NULL, NULL);
INSERT INTO `sys_role_menu` VALUES (518, 2, 50, NULL, NULL, NULL, NULL);
INSERT INTO `sys_role_menu` VALUES (519, 2, 51, NULL, NULL, NULL, NULL);
INSERT INTO `sys_role_menu` VALUES (520, 2, 52, NULL, NULL, NULL, NULL);
INSERT INTO `sys_role_menu` VALUES (521, 2, 53, NULL, NULL, NULL, NULL);
INSERT INTO `sys_role_menu` VALUES (522, 2, 54, NULL, NULL, NULL, NULL);
INSERT INTO `sys_role_menu` VALUES (523, 2, 55, NULL, NULL, NULL, NULL);
INSERT INTO `sys_role_menu` VALUES (524, 2, 56, NULL, NULL, NULL, NULL);
INSERT INTO `sys_role_menu` VALUES (572, 3, 1, 'admin', '2019-01-22 14:45:28', NULL, NULL);
INSERT INTO `sys_role_menu` VALUES (573, 3, 2, 'admin', '2019-01-22 14:45:28', NULL, NULL);
INSERT INTO `sys_role_menu` VALUES (574, 3, 3, 'admin', '2019-01-22 14:45:28', NULL, NULL);
INSERT INTO `sys_role_menu` VALUES (575, 3, 4, 'admin', '2019-01-22 14:45:28', NULL, NULL);
INSERT INTO `sys_role_menu` VALUES (576, 3, 5, 'admin', '2019-01-22 14:45:28', NULL, NULL);
INSERT INTO `sys_role_menu` VALUES (577, 3, 6, 'admin', '2019-01-22 14:45:28', NULL, NULL);
INSERT INTO `sys_role_menu` VALUES (578, 3, 7, 'admin', '2019-01-22 14:45:28', NULL, NULL);
INSERT INTO `sys_role_menu` VALUES (579, 3, 8, 'admin', '2019-01-22 14:45:28', NULL, NULL);
INSERT INTO `sys_role_menu` VALUES (580, 3, 12, 'admin', '2019-01-22 14:45:28', NULL, NULL);
INSERT INTO `sys_role_menu` VALUES (581, 3, 13, 'admin', '2019-01-22 14:45:28', NULL, NULL);
INSERT INTO `sys_role_menu` VALUES (582, 3, 17, 'admin', '2019-01-22 14:45:28', NULL, NULL);
INSERT INTO `sys_role_menu` VALUES (583, 3, 18, 'admin', '2019-01-22 14:45:28', NULL, NULL);
INSERT INTO `sys_role_menu` VALUES (584, 3, 22, 'admin', '2019-01-22 14:45:28', NULL, NULL);
INSERT INTO `sys_role_menu` VALUES (585, 3, 23, 'admin', '2019-01-22 14:45:28', NULL, NULL);
INSERT INTO `sys_role_menu` VALUES (586, 3, 24, 'admin', '2019-01-22 14:45:28', NULL, NULL);
INSERT INTO `sys_role_menu` VALUES (587, 3, 25, 'admin', '2019-01-22 14:45:28', NULL, NULL);
INSERT INTO `sys_role_menu` VALUES (588, 3, 26, 'admin', '2019-01-22 14:45:28', NULL, NULL);
INSERT INTO `sys_role_menu` VALUES (589, 3, 27, 'admin', '2019-01-22 14:45:28', NULL, NULL);
INSERT INTO `sys_role_menu` VALUES (590, 3, 28, 'admin', '2019-01-22 14:45:28', NULL, NULL);
INSERT INTO `sys_role_menu` VALUES (591, 3, 29, 'admin', '2019-01-22 14:45:28', NULL, NULL);
INSERT INTO `sys_role_menu` VALUES (592, 3, 30, 'admin', '2019-01-22 14:45:28', NULL, NULL);
INSERT INTO `sys_role_menu` VALUES (593, 3, 31, 'admin', '2019-01-22 14:45:28', NULL, NULL);
INSERT INTO `sys_role_menu` VALUES (594, 3, 32, 'admin', '2019-01-22 14:45:28', NULL, NULL);
INSERT INTO `sys_role_menu` VALUES (595, 3, 33, 'admin', '2019-01-22 14:45:28', NULL, NULL);
INSERT INTO `sys_role_menu` VALUES (596, 3, 35, 'admin', '2019-01-22 14:45:28', NULL, NULL);
INSERT INTO `sys_role_menu` VALUES (597, 3, 36, 'admin', '2019-01-22 14:45:28', NULL, NULL);
INSERT INTO `sys_role_menu` VALUES (598, 3, 43, 'admin', '2019-01-22 14:45:28', NULL, NULL);
INSERT INTO `sys_role_menu` VALUES (599, 3, 44, 'admin', '2019-01-22 14:45:28', NULL, NULL);
INSERT INTO `sys_role_menu` VALUES (600, 3, 45, 'admin', '2019-01-22 14:45:28', NULL, NULL);
INSERT INTO `sys_role_menu` VALUES (601, 3, 38, 'admin', '2019-01-22 14:45:28', NULL, NULL);
INSERT INTO `sys_role_menu` VALUES (602, 3, 39, 'admin', '2019-01-22 14:45:28', NULL, NULL);
INSERT INTO `sys_role_menu` VALUES (603, 3, 40, 'admin', '2019-01-22 14:45:28', NULL, NULL);
INSERT INTO `sys_role_menu` VALUES (604, 3, 41, 'admin', '2019-01-22 14:45:28', NULL, NULL);
INSERT INTO `sys_role_menu` VALUES (605, 3, 42, 'admin', '2019-01-22 14:45:28', NULL, NULL);
INSERT INTO `sys_role_menu` VALUES (606, 3, 50, 'admin', '2019-01-22 14:45:28', NULL, NULL);
INSERT INTO `sys_role_menu` VALUES (607, 3, 51, 'admin', '2019-01-22 14:45:28', NULL, NULL);
INSERT INTO `sys_role_menu` VALUES (623, 4, 1, NULL, NULL, NULL, NULL);
INSERT INTO `sys_role_menu` VALUES (624, 4, 2, NULL, NULL, NULL, NULL);
INSERT INTO `sys_role_menu` VALUES (625, 4, 3, NULL, NULL, NULL, NULL);
INSERT INTO `sys_role_menu` VALUES (626, 4, 7, NULL, NULL, NULL, NULL);
INSERT INTO `sys_role_menu` VALUES (627, 4, 8, NULL, NULL, NULL, NULL);
INSERT INTO `sys_role_menu` VALUES (628, 4, 12, NULL, NULL, NULL, NULL);
INSERT INTO `sys_role_menu` VALUES (629, 4, 17, NULL, NULL, NULL, NULL);
INSERT INTO `sys_role_menu` VALUES (630, 4, 18, NULL, NULL, NULL, NULL);
INSERT INTO `sys_role_menu` VALUES (631, 4, 22, NULL, NULL, NULL, NULL);
INSERT INTO `sys_role_menu` VALUES (632, 4, 27, NULL, NULL, NULL, NULL);
INSERT INTO `sys_role_menu` VALUES (633, 4, 32, NULL, NULL, NULL, NULL);
INSERT INTO `sys_role_menu` VALUES (634, 4, 33, NULL, NULL, NULL, NULL);
INSERT INTO `sys_role_menu` VALUES (635, 4, 35, NULL, NULL, NULL, NULL);
INSERT INTO `sys_role_menu` VALUES (636, 4, 36, NULL, NULL, NULL, NULL);
INSERT INTO `sys_role_menu` VALUES (637, 4, 46, NULL, NULL, NULL, NULL);
INSERT INTO `sys_role_menu` VALUES (638, 4, 47, NULL, NULL, NULL, NULL);
INSERT INTO `sys_role_menu` VALUES (639, 4, 50, NULL, NULL, NULL, NULL);
INSERT INTO `sys_role_menu` VALUES (640, 4, 51, NULL, NULL, NULL, NULL);
INSERT INTO `sys_role_menu` VALUES (641, 5, 1, NULL, NULL, NULL, NULL);
INSERT INTO `sys_role_menu` VALUES (642, 5, 2, NULL, NULL, NULL, NULL);
INSERT INTO `sys_role_menu` VALUES (643, 5, 3, NULL, NULL, NULL, NULL);
INSERT INTO `sys_role_menu` VALUES (644, 5, 4, NULL, NULL, NULL, NULL);
INSERT INTO `sys_role_menu` VALUES (645, 5, 5, NULL, NULL, NULL, NULL);
INSERT INTO `sys_role_menu` VALUES (646, 5, 6, NULL, NULL, NULL, NULL);
INSERT INTO `sys_role_menu` VALUES (647, 5, 7, NULL, NULL, NULL, NULL);
INSERT INTO `sys_role_menu` VALUES (648, 5, 8, NULL, NULL, NULL, NULL);
INSERT INTO `sys_role_menu` VALUES (649, 5, 9, NULL, NULL, NULL, NULL);
INSERT INTO `sys_role_menu` VALUES (650, 5, 10, NULL, NULL, NULL, NULL);
INSERT INTO `sys_role_menu` VALUES (651, 5, 11, NULL, NULL, NULL, NULL);
INSERT INTO `sys_role_menu` VALUES (652, 5, 12, NULL, NULL, NULL, NULL);
INSERT INTO `sys_role_menu` VALUES (653, 5, 13, NULL, NULL, NULL, NULL);
INSERT INTO `sys_role_menu` VALUES (654, 5, 14, NULL, NULL, NULL, NULL);
INSERT INTO `sys_role_menu` VALUES (655, 5, 15, NULL, NULL, NULL, NULL);
INSERT INTO `sys_role_menu` VALUES (656, 5, 16, NULL, NULL, NULL, NULL);
INSERT INTO `sys_role_menu` VALUES (657, 5, 17, NULL, NULL, NULL, NULL);
INSERT INTO `sys_role_menu` VALUES (658, 5, 18, NULL, NULL, NULL, NULL);
INSERT INTO `sys_role_menu` VALUES (659, 5, 19, NULL, NULL, NULL, NULL);
INSERT INTO `sys_role_menu` VALUES (660, 5, 20, NULL, NULL, NULL, NULL);
INSERT INTO `sys_role_menu` VALUES (661, 5, 21, NULL, NULL, NULL, NULL);
INSERT INTO `sys_role_menu` VALUES (662, 5, 22, NULL, NULL, NULL, NULL);
INSERT INTO `sys_role_menu` VALUES (663, 5, 23, NULL, NULL, NULL, NULL);
INSERT INTO `sys_role_menu` VALUES (664, 5, 24, NULL, NULL, NULL, NULL);
INSERT INTO `sys_role_menu` VALUES (665, 5, 25, NULL, NULL, NULL, NULL);
INSERT INTO `sys_role_menu` VALUES (666, 5, 26, NULL, NULL, NULL, NULL);
INSERT INTO `sys_role_menu` VALUES (667, 5, 27, NULL, NULL, NULL, NULL);
INSERT INTO `sys_role_menu` VALUES (668, 5, 28, NULL, NULL, NULL, NULL);
INSERT INTO `sys_role_menu` VALUES (669, 5, 29, NULL, NULL, NULL, NULL);
INSERT INTO `sys_role_menu` VALUES (670, 5, 30, NULL, NULL, NULL, NULL);
INSERT INTO `sys_role_menu` VALUES (671, 5, 31, NULL, NULL, NULL, NULL);
INSERT INTO `sys_role_menu` VALUES (672, 5, 32, NULL, NULL, NULL, NULL);
INSERT INTO `sys_role_menu` VALUES (673, 5, 33, NULL, NULL, NULL, NULL);
INSERT INTO `sys_role_menu` VALUES (674, 5, 34, NULL, NULL, NULL, NULL);
INSERT INTO `sys_role_menu` VALUES (675, 5, 35, NULL, NULL, NULL, NULL);
INSERT INTO `sys_role_menu` VALUES (676, 5, 36, NULL, NULL, NULL, NULL);
INSERT INTO `sys_role_menu` VALUES (677, 5, 37, NULL, NULL, NULL, NULL);
INSERT INTO `sys_role_menu` VALUES (678, 5, 43, NULL, NULL, NULL, NULL);
INSERT INTO `sys_role_menu` VALUES (679, 5, 44, NULL, NULL, NULL, NULL);
INSERT INTO `sys_role_menu` VALUES (680, 5, 45, NULL, NULL, NULL, NULL);
INSERT INTO `sys_role_menu` VALUES (681, 5, 46, NULL, NULL, NULL, NULL);
INSERT INTO `sys_role_menu` VALUES (682, 5, 47, NULL, NULL, NULL, NULL);
INSERT INTO `sys_role_menu` VALUES (683, 5, 38, NULL, NULL, NULL, NULL);
INSERT INTO `sys_role_menu` VALUES (684, 5, 39, NULL, NULL, NULL, NULL);
INSERT INTO `sys_role_menu` VALUES (685, 5, 40, NULL, NULL, NULL, NULL);
INSERT INTO `sys_role_menu` VALUES (686, 5, 41, NULL, NULL, NULL, NULL);
INSERT INTO `sys_role_menu` VALUES (687, 5, 42, NULL, NULL, NULL, NULL);
INSERT INTO `sys_role_menu` VALUES (688, 5, 48, NULL, NULL, NULL, NULL);
INSERT INTO `sys_role_menu` VALUES (689, 5, 49, NULL, NULL, NULL, NULL);
INSERT INTO `sys_role_menu` VALUES (690, 5, 50, NULL, NULL, NULL, NULL);
INSERT INTO `sys_role_menu` VALUES (691, 5, 51, NULL, NULL, NULL, NULL);
INSERT INTO `sys_role_menu` VALUES (692, 5, 52, NULL, NULL, NULL, NULL);
INSERT INTO `sys_role_menu` VALUES (693, 5, 53, NULL, NULL, NULL, NULL);
INSERT INTO `sys_role_menu` VALUES (694, 5, 54, NULL, NULL, NULL, NULL);
INSERT INTO `sys_role_menu` VALUES (695, 5, 55, NULL, NULL, NULL, NULL);
INSERT INTO `sys_role_menu` VALUES (696, 5, 56, NULL, NULL, NULL, NULL);
INSERT INTO `sys_role_menu` VALUES (697, 5, 57, NULL, NULL, NULL, NULL);
INSERT INTO `sys_role_menu` VALUES (698, 5, 58, NULL, NULL, NULL, NULL);
INSERT INTO `sys_role_menu` VALUES (699, 5, 59, NULL, NULL, NULL, NULL);
INSERT INTO `sys_role_menu` VALUES (700, 5, 60, NULL, NULL, NULL, NULL);
INSERT INTO `sys_role_menu` VALUES (701, 5, 61, NULL, NULL, NULL, NULL);
INSERT INTO `sys_role_menu` VALUES (702, 5, 62, NULL, NULL, NULL, NULL);
INSERT INTO `sys_role_menu` VALUES (703, 5, 63, NULL, NULL, NULL, NULL);

-- ----------------------------
-- Table structure for sys_user
-- ----------------------------
DROP TABLE IF EXISTS `sys_user`;
CREATE TABLE `sys_user`  (
  `id` bigint(20) NOT NULL AUTO_INCREMENT COMMENT '编号',
  `name` varchar(50) CHARACTER SET utf8 COLLATE utf8_general_ci NOT NULL COMMENT '用户名',
  `nick_name` varchar(150) CHARACTER SET utf8 COLLATE utf8_general_ci NULL DEFAULT NULL COMMENT '昵称',
  `avatar` varchar(150) CHARACTER SET utf8 COLLATE utf8_general_ci NULL DEFAULT NULL COMMENT '头像',
  `password` varchar(100) CHARACTER SET utf8 COLLATE utf8_general_ci NULL DEFAULT NULL COMMENT '密码',
  `salt` varchar(40) CHARACTER SET utf8 COLLATE utf8_general_ci NULL DEFAULT NULL COMMENT '加密盐',
  `email` varchar(100) CHARACTER SET utf8 COLLATE utf8_general_ci NULL DEFAULT NULL COMMENT '邮箱',
  `mobile` varchar(100) CHARACTER SET utf8 COLLATE utf8_general_ci NULL DEFAULT NULL COMMENT '手机号',
  `status` tinyint(4) NULL DEFAULT NULL COMMENT '状态  0：禁用   1：正常',
  `dept_id` bigint(20) NULL DEFAULT NULL COMMENT '机构ID',
  `create_by` varchar(50) CHARACTER SET utf8 COLLATE utf8_general_ci NULL DEFAULT NULL COMMENT '创建人',
  `create_time` datetime NULL DEFAULT NULL COMMENT '创建时间',
  `last_update_by` varchar(50) CHARACTER SET utf8 COLLATE utf8_general_ci NULL DEFAULT NULL COMMENT '更新人',
  `last_update_time` datetime NULL DEFAULT NULL COMMENT '更新时间',
  `del_flag` tinyint(4) NULL DEFAULT 0 COMMENT '是否删除  -1：已删除  0：正常',
  PRIMARY KEY (`id`) USING BTREE,
  UNIQUE INDEX `name`(`name`) USING BTREE
) ENGINE = InnoDB AUTO_INCREMENT = 34 CHARACTER SET = utf8 COLLATE = utf8_general_ci COMMENT = '用户管理' ROW_FORMAT = Compact;

-- ----------------------------
-- Records of sys_user
-- ----------------------------
INSERT INTO `sys_user` VALUES (1, 'admin', '超管', NULL, 'bd1718f058d8a02468134432b8656a86', 'YzcmCZNvbXocrsz9dm8e', 'admin@qq.com', '13612345678', 1, 4, 'admin', '2018-08-14 11:11:11', 'admin', '2018-08-14 11:11:11', 0);
INSERT INTO `sys_user` VALUES (22, 'liubei', '刘备', NULL, '26e146ab8da7a852d4864f01da3aa35b', 'YzcmCZNvbXocrsz9dm8e', 'test@qq.com', '13889700023', 1, 7, 'admin', '2018-09-23 19:43:00', 'admin', '2019-01-10 11:41:13', 0);
INSERT INTO `sys_user` VALUES (23, 'zhaoyun', '赵云', NULL, '26e146ab8da7a852d4864f01da3aa35b', 'YzcmCZNvbXocrsz9dm8e', 'test@qq.com', '13889700023', 1, 7, 'admin', '2018-09-23 19:43:44', 'admin', '2018-09-23 19:43:52', 0);
INSERT INTO `sys_user` VALUES (24, 'zhugeliang', '诸葛亮', NULL, '26e146ab8da7a852d4864f01da3aa35b', 'YzcmCZNvbXocrsz9dm8e', 'test@qq.com', '13889700023', 7, 11, 'admin', '2018-09-23 19:44:23', 'admin', '2018-09-23 19:44:29', 0);
INSERT INTO `sys_user` VALUES (25, 'caocao', '曹操', NULL, '26e146ab8da7a852d4864f01da3aa35b', 'YzcmCZNvbXocrsz9dm8e', 'test@qq.com', '13889700023', 1, 8, 'admin', '2018-09-23 19:45:32', 'admin', '2019-01-10 17:59:14', 0);
INSERT INTO `sys_user` VALUES (26, 'dianwei', '典韦', NULL, '26e146ab8da7a852d4864f01da3aa35b', 'YzcmCZNvbXocrsz9dm8e', 'test@qq.com', '13889700023', 1, 10, 'admin', '2018-09-23 19:45:48', 'admin', '2018-09-23 19:45:57', 0);
INSERT INTO `sys_user` VALUES (27, 'xiahoudun', '夏侯惇', NULL, '26e146ab8da7a852d4864f01da3aa35b', 'YzcmCZNvbXocrsz9dm8e', 'test@qq.com', '13889700023', 1, 8, 'admin', '2018-09-23 19:46:09', 'admin', '2018-09-23 19:46:17', 0);
INSERT INTO `sys_user` VALUES (28, 'xunyu', '荀彧', NULL, '26e146ab8da7a852d4864f01da3aa35b', 'YzcmCZNvbXocrsz9dm8e', 'test@qq.com', '13889700023', 1, 10, 'admin', '2018-09-23 19:46:38', 'admin', '2018-11-04 15:33:17', 0);
INSERT INTO `sys_user` VALUES (29, 'sunquan', '孙权', NULL, '26e146ab8da7a852d4864f01da3aa35b', 'YzcmCZNvbXocrsz9dm8e', 'test@qq.com', '13889700023', 1, 10, 'admin', '2018-09-23 19:46:54', 'admin', '2018-09-23 19:47:03', 0);
INSERT INTO `sys_user` VALUES (30, 'zhouyu', '周瑜', NULL, '26e146ab8da7a852d4864f01da3aa35b', 'YzcmCZNvbXocrsz9dm8e', 'test@qq.com', '13889700023', 1, 11, 'admin', '2018-09-23 19:47:28', 'admin', '2018-09-23 19:48:04', 0);
INSERT INTO `sys_user` VALUES (31, 'luxun', '陆逊', NULL, '26e146ab8da7a852d4864f01da3aa35b', 'YzcmCZNvbXocrsz9dm8e', 'test@qq.com', '13889700023', 1, 11, 'admin', '2018-09-23 19:47:44', 'admin', '2018-09-23 19:47:58', 0);
INSERT INTO `sys_user` VALUES (32, 'huanggai', '黄盖', NULL, '26e146ab8da7a852d4864f01da3aa35b', 'YzcmCZNvbXocrsz9dm8e', 'test@qq.com', '13889700023', 1, 11, 'admin', '2018-09-23 19:48:38', 'admin', '2018-09-23 19:49:02', 0);

-- ----------------------------
-- Table structure for sys_user_role
-- ----------------------------
DROP TABLE IF EXISTS `sys_user_role`;
CREATE TABLE `sys_user_role`  (
  `id` bigint(20) NOT NULL AUTO_INCREMENT COMMENT '编号',
  `user_id` bigint(20) NULL DEFAULT NULL COMMENT '用户ID',
  `role_id` bigint(20) NULL DEFAULT NULL COMMENT '角色ID',
  `create_by` varchar(50) CHARACTER SET utf8 COLLATE utf8_general_ci NULL DEFAULT NULL COMMENT '创建人',
  `create_time` datetime NULL DEFAULT NULL COMMENT '创建时间',
  `last_update_by` varchar(50) CHARACTER SET utf8 COLLATE utf8_general_ci NULL DEFAULT NULL COMMENT '更新人',
  `last_update_time` datetime NULL DEFAULT NULL COMMENT '更新时间',
  PRIMARY KEY (`id`) USING BTREE
) ENGINE = InnoDB AUTO_INCREMENT = 92 CHARACTER SET = utf8 COLLATE = utf8_general_ci COMMENT = '用户角色' ROW_FORMAT = Compact;

-- ----------------------------
-- Records of sys_user_role
-- ----------------------------
INSERT INTO `sys_user_role` VALUES (1, 1, 1, NULL, NULL, NULL, NULL);
INSERT INTO `sys_user_role` VALUES (2, 2, 1, NULL, NULL, NULL, NULL);
INSERT INTO `sys_user_role` VALUES (26, 5, 3, NULL, NULL, NULL, NULL);
INSERT INTO `sys_user_role` VALUES (33, 6, 2, NULL, NULL, NULL, NULL);
INSERT INTO `sys_user_role` VALUES (34, 4, 2, NULL, NULL, NULL, NULL);
INSERT INTO `sys_user_role` VALUES (35, 9, 2, NULL, NULL, NULL, NULL);
INSERT INTO `sys_user_role` VALUES (36, 10, 3, NULL, NULL, NULL, NULL);
INSERT INTO `sys_user_role` VALUES (37, 11, 2, NULL, NULL, NULL, NULL);
INSERT INTO `sys_user_role` VALUES (38, 12, 3, NULL, NULL, NULL, NULL);
INSERT INTO `sys_user_role` VALUES (39, 15, 2, NULL, NULL, NULL, NULL);
INSERT INTO `sys_user_role` VALUES (41, 16, 3, NULL, NULL, NULL, NULL);
INSERT INTO `sys_user_role` VALUES (42, 8, 2, NULL, NULL, NULL, NULL);
INSERT INTO `sys_user_role` VALUES (43, 7, 4, NULL, NULL, NULL, NULL);
INSERT INTO `sys_user_role` VALUES (45, 18, 2, NULL, NULL, NULL, NULL);
INSERT INTO `sys_user_role` VALUES (46, 17, 3, NULL, NULL, NULL, NULL);
INSERT INTO `sys_user_role` VALUES (47, 3, 4, NULL, NULL, NULL, NULL);
INSERT INTO `sys_user_role` VALUES (48, 21, 2, NULL, NULL, NULL, NULL);
INSERT INTO `sys_user_role` VALUES (57, 31, 2, NULL, NULL, NULL, NULL);
INSERT INTO `sys_user_role` VALUES (58, 30, 2, NULL, NULL, NULL, NULL);
INSERT INTO `sys_user_role` VALUES (59, 32, 3, NULL, NULL, NULL, NULL);
INSERT INTO `sys_user_role` VALUES (74, 25, 8, NULL, NULL, NULL, NULL);
INSERT INTO `sys_user_role` VALUES (75, 25, 2, NULL, NULL, NULL, NULL);
INSERT INTO `sys_user_role` VALUES (81, 23, 3, NULL, NULL, NULL, NULL);
INSERT INTO `sys_user_role` VALUES (82, 24, 4, NULL, NULL, NULL, NULL);
INSERT INTO `sys_user_role` VALUES (83, 26, 3, NULL, NULL, NULL, NULL);
INSERT INTO `sys_user_role` VALUES (85, 29, 2, NULL, NULL, NULL, NULL);
INSERT INTO `sys_user_role` VALUES (86, 28, 4, NULL, NULL, NULL, NULL);
INSERT INTO `sys_user_role` VALUES (87, 27, 3, NULL, NULL, NULL, NULL);
INSERT INTO `sys_user_role` VALUES (90, 22, 4, NULL, NULL, NULL, NULL);
INSERT INTO `sys_user_role` VALUES (91, 33, 8, NULL, NULL, NULL, NULL);

SET FOREIGN_KEY_CHECKS = 1;
